Parameter,Median,CI,CI_low,CI_high,pd,ROPE_CI,ROPE_low,ROPE_high,ROPE_Percentage,Rhat,ESS
b_Intercept,5.13834862027206,0.95,4.932952521104544,5.354305058755317,1,0.95,-0.1,0.1,0,0.9999852114061683,49515.79039909872
b_connectivity_sc,-0.12299317576394708,0.95,-0.3222898089832776,0.08597421109759212,0.8762291666666666,0.95,-0.1,0.1,0.40828947368421054,1.000013948785595,48044.858930874936
