Parameter,Median,CI,CI_low,CI_high,pd,Rhat,ESS
b_Intercept,37.41993161057285,0.95,28.21400100479887,46.94244631391973,1,0.9999488136147361,54523.140659069664
b_connectivity_sc,-0.2414656269119834,0.95,-2.139259687422228,1.6584634838902517,0.5975416666666666,0.999958132248582,51932.725178427136
b_dbh_mm_sc,0.27353654587462417,0.95,-1.6604706712074295,2.1620812484802165,0.609625,1.0000652268239323,53574.79778873759
