Parameter,Median,CI,CI_low,CI_high,pd,Rhat,ESS
b_Intercept,0.0655417807022108,0.95,-0.04678970986648889,0.1740648002128416,0.8791875,1.000236868593116,6878.37193999501
b_connectivity_sc,0.06156247088451509,0.95,-0.047413360272036305,0.1694908646435348,0.8691875,1.000174007398504,7944.158694187405
b_individ_fecundity_sc,-0.10542103794948882,0.95,-0.21228792831301602,0.001719891647216653,0.9735625,1.0002079867945641,7563.37171398637
