Parameter,Median,CI,CI_low,CI_high,pd,ROPE_CI,ROPE_low,ROPE_high,ROPE_Percentage,Rhat,ESS
b_Intercept,0.06380820533889356,0.95,-0.046932438477446464,0.17473736871045908,0.874,0.95,-0.1,0.1,0.7546929824561404,1.000732620873985,6306.484324564765
b_connectivity_sc,0.07368131841570616,0.95,-0.03833904486419702,0.1835943647037275,0.9053125,0.95,-0.1,0.1,0.6928508771929824,1.0000478362253946,6450.0017096928295
b_individ_fecundity_sc,-0.10484864265366439,0.95,-0.2111768924582853,0.004434010904494075,0.972125,0.95,-0.1,0.1,0.4621929824561404,1.0003231635541,7976.107822716911
