Parameter,Median,CI,CI_low,CI_high,pd,ROPE_CI,ROPE_low,ROPE_high,ROPE_Percentage,Rhat,ESS
b_Intercept,-1.672844359238217,0.95,-1.7883755860086339,-1.5610346499164969,1,0.95,-0.1,0.1,0,1.0001281091100007,25716.75982181735
b_connectivity_sc,-0.17169721179935077,0.95,-0.29022548531042613,-0.05402910313178461,0.9982083333333334,0.95,-0.1,0.1,0.09649122807017543,0.9999482724015502,26630.068176450433
b_individ_fecundity_sc,0.30281523963692547,0.95,0.22323133252756738,0.3838764408728628,1,0.95,-0.1,0.1,0,1.00012451488749,20081.926143386576
b_connectivity_sc:individ_fecundity_sc,0.22645112248187005,0.95,0.14013361805844052,0.31089764489737276,1,0.95,-0.1,0.1,0,1.0000485935993275,20391.12310098154
