Parameter,Median,CI,CI_low,CI_high,pd,Rhat,ESS
b_Intercept,24.860799345910536,0.95,18.57925929914582,31.21146882193297,1,1.0000826093722233,43844.58601361229
b_connectivity_sc,-0.24288562003837813,0.95,-2.130231386068843,1.5997279756404819,0.6016041666666667,0.9999791196972209,58030.64708181862
b_dbh_mm_sc,0.14940697974400885,0.95,-1.7385909169101523,2.0057056753549714,0.5618125,1.0000005976864188,51579.902792763416
